Town,Valuation 2011,Town Tax 2011,Local Ed. Tax 2011,State Ed. Tax 2011,County Tax 2011,Total Tax 2011,Total Commitment 2011,Valuation 2020,Town Tax 2020,County Tax 2020,State Ed. Tax 2020,Local Ed. Tax 2020,Total Tax 2020,Total Commitment 2020
Acworth,110814282.0,6.83,8.65,2.51,3.2,21.19,2348154647.0,100103637.0,9.66,2.6,1.97,15.14,29.37,2921681.0
Albany,121260649.0,3.05,4.15,2.5,1.06,10.76,1304764591.0,130141621.0,2.2,1.08,1.71,7.06,12.05,1546965.0
Alexandria,234708334.0,5.57,12.7,2.6,1.5,22.37,5250425440.0,198181477.0,9.32,1.99,2.2,14.41,27.92,5460145.0
Allenstown,312541449.0,7.93,16.3,2.34,2.73,29.3,9157464469.0,299434087.0,9.62,2.76,2.03,14.89,29.3,8652469.0
Alstead,209323327.0,4.91,10.74,2.38,2.91,20.94,4383230479.0,193481509.0,5.51,3.46,1.92,13.53,24.42,4692133.0
Alton,1691843637.0,3.52,5.57,2.54,1.44,13.07,22112396342.0,1769435614.0,4.25,1.27,2.02,6.41,13.95,24335622.0
Amherst,1828160802.0,4.4,17.17,2.58,1.22,25.37,46380439546.0,1745846700.0,5.6,1.2,2.15,19.53,28.48,49267259.0
Andover,313647634.0,3.54,10.12,2.29,2.39,18.34,5752297610.0,308949462.0,4.15,2.47,1.96,12.76,21.34,6661925.0
Antrim,294722415.0,10.93,8.64,2.45,1.12,23.14,6819876683.0,254807364.0,10.57,1.13,2.05,14.8,28.55,7175969.0
Ashland,309178653.0,7.46,9.07,2.19,1.39,20.11,6217582712.0,250961136.0,10.39,1.71,1.96,14.37,28.43,7066530.0
Atkinson,976335576.0,3.14,12.12,2.48,1.06,18.8,18355108844.0,1018252133.0,3.1,0.98,2.1,12.16,18.34,18439900.0
Atkinson & Gilmanton Academy Grant,874227.0,-3.96,-2.29,2.21,4.04,0.0,0.0,774325.0,-5.12,5.12,1.97,-1.97,0.0,0.0
Auburn,706861222.0,4.08,11.3,2.48,1.08,18.94,13387951553.0,874971877.0,3.22,0.91,1.91,12.44,18.48,15960933.0
Barnstead,542732618.0,5.11,14.3,2.61,1.41,23.43,12716225254.0,605816952.0,5.23,1.18,1.86,14.83,23.1,13798833.0
Barrington,1060279605.0,4.13,11.93,2.28,2.44,20.78,22032610201.0,1157694621.0,3.69,2.48,1.89,14.71,22.77,25996196.0
Bartlett,1065955680.0,1.5,5.25,2.63,1.1,10.48,11171215529.0,1073899013.0,1.54,1.32,2.14,4.66,9.66,10727392.0
Bath,149907223.0,3.35,9.52,2.62,1.43,16.92,2536430220.0,125216843.0,4.92,1.86,1.94,14.14,22.86,2813489.0
Bean's Grant,540.0,-4.33,0.0,0.0,4.33,0.0,0.0,1.0,0.0,0.0,0.0,0.0,0.0,0.0
Bean's Purchase,24160.0,-3.24,-2.23,1.89,3.58,0.0,0.0,1.0,0.0,0.0,0.0,0.0,0.0,0.0
Bedford,3933045684.0,4.23,12.9,2.32,1.09,20.54,80784758356.0,4092109157.0,4.24,1.07,2.0,12.71,20.02,81292539.0
Belmont,851437498.0,7.52,10.45,2.35,1.24,21.56,18356992475.0,734861120.0,8.34,1.28,2.02,13.7,25.34,18339796.0
Bennington,132714128.0,9.92,9.91,2.33,1.04,23.2,3078967779.0,128652139.0,10.99,1.02,1.86,15.52,29.39,3731435.0
Benton,31738809.0,0.06,11.06,2.37,1.57,15.06,477986477.0,25642989.0,-3.92,1.79,2.06,17.97,17.9,455732.0
Berlin,510383881.0,17.22,8.5,2.2,3.78,31.7,16179169053.0,478007523.0,19.02,4.63,1.92,10.36,35.93,16819600.0
Bethlehem,269800400.0,8.9,16.61,2.64,1.72,29.87,8058937966.0,277502024.0,7.15,1.77,1.9,14.38,25.2,6972306.0
Boscawen,324030878.0,6.35,10.14,2.14,2.42,21.05,6820849997.0,294189355.0,8.25,2.55,1.88,14.11,26.79,7780326.0
Bow,1218997022.0,5.88,15.46,2.7,3.11,27.15,33095769160.0,1272627173.0,7.11,2.54,1.89,14.04,25.58,32132445.0
Bradford,255852023.0,7.27,10.38,2.51,2.74,22.9,5859011333.0,249477480.0,8.9,2.49,1.67,10.8,23.86,5899803.0
Brentwood,563542568.0,3.16,16.52,2.33,1.0,23.01,12967114502.0,708407990.0,3.88,0.83,1.83,16.65,23.19,16262210.0
Bridgewater,390351877.0,2.87,2.9,2.53,1.55,9.85,3844965989.0,449193300.0,3.0,1.57,1.84,1.97,8.38,3825881.0
Bristol,549332045.0,6.88,9.36,2.38,1.55,20.17,11080027362.0,557750184.0,8.1,1.7,1.87,9.02,20.69,11388075.0
Brookfield,121565336.0,3.89,8.38,2.47,0.99,15.73,1912222742.0,126812883.0,5.3,1.08,1.93,8.87,17.18,2157360.0
Brookline,687275496.0,4.06,16.99,2.09,0.94,24.08,16549593948.0,670989733.0,5.77,1.06,1.87,19.1,27.8,18509861.0
Cambridge,9732963.0,-4.41,-2.34,2.36,4.39,0.0,0.0,9219051.0,-4.98,4.94,1.93,-1.89,0.0,-328.0
Campton,474670378.0,5.03,10.15,2.31,1.5,18.99,9013990483.0,439337540.0,5.86,1.66,2.0,14.75,24.27,11703154.0
Canaan,375866157.0,6.26,12.84,2.59,1.65,23.34,8772716114.0,347549588.0,7.51,1.96,2.02,22.91,34.4,11898029.0
Candia,473553393.0,4.66,11.29,2.49,0.94,19.38,9177464762.0,511799514.0,4.45,0.88,1.99,12.72,20.04,10169846.0
Canterbury,283493417.0,6.76,12.85,2.65,3.07,25.33,7180888258.0,263889938.0,8.07,3.01,2.21,14.3,27.59,7197828.0
Carroll,466608292.0,2.8,4.77,2.08,3.9,13.55,6322542356.0,337211396.0,6.02,5.0,2.14,8.09,21.25,7127948.0
Center Harbor,554167786.0,3.89,3.64,2.23,1.2,10.96,6073678942.0,437782421.0,5.94,1.33,2.13,5.93,15.33,6661552.0
Chandler's Purchase,57507.0,-4.48,-2.24,2.33,4.39,0.0,0.0,44150.0,-5.03,4.71,1.97,-1.65,0.0,-14.0
Charlestown,316294286.0,6.69,15.25,2.47,3.12,27.53,8707581707.0,280396567.0,10.71,3.05,2.14,22.75,38.65,10653235.0
Chatham,60408588.0,-0.31,9.89,2.55,1.07,13.2,797393364.0,60624358.0,0.97,1.14,1.79,9.52,13.42,794177.0
Chester,532165256.0,5.77,15.02,2.78,1.09,24.66,13123195237.0,724599790.0,7.02,0.89,1.9,10.72,20.53,14547419.0
Chesterfield,656939338.0,3.42,8.39,2.22,3.3,17.33,11384758734.0,525382807.0,5.13,4.15,1.96,11.37,22.61,12345531.0
Chichester,346419602.0,3.65,11.22,2.1,2.33,19.3,6685898320.0,322781804.0,5.56,2.63,1.91,13.08,23.18,7399658.0
Claremont,911643459.0,12.36,15.46,2.45,2.91,33.18,30248329985.0,750284384.0,15.17,2.7,1.92,20.93,40.72,30169489.0
Clarksville,47788640.0,-5.21,7.44,2.29,4.73,9.25,442044925.0,46860972.0,3.64,5.05,2.09,5.48,16.26,751306.0
Colebrook,222367055.0,6.93,8.7,2.11,3.96,21.7,4825365094.0,186958181.0,11.6,4.48,1.79,9.91,27.78,5298482.0
Columbia,99687658.0,1.78,8.22,2.57,3.97,16.54,1648833873.0,92049091.0,2.28,5.15,1.95,6.69,16.07,1419244.0
Concord,4313794119.0,8.72,10.39,2.59,2.9,24.6,106119335341.0,4632801359.0,9.32,2.44,1.87,13.13,26.76,124727581.0
Conway,1625632240.0,4.91,8.7,2.54,1.05,17.2,27960874528.0,1750988000.0,4.63,1.2,1.95,8.54,16.32,31210908.0
Cornish,217636549.0,2.59,11.65,2.22,2.88,19.34,4209090870.0,197023472.0,3.94,2.61,1.88,12.86,21.29,4144024.0
Crawford's Purchase,190074.0,-2.97,-3.77,2.33,4.41,0.0,0.0,235430.0,-4.99,4.95,1.93,-1.89,0.0,-12.0
Croydon,110236708.0,2.41,5.09,2.45,3.0,12.95,1427565375.0,112835862.0,4.15,2.27,1.64,5.9,13.96,1558920.0
Cutt's Grant,0.0,0.0,0.0,0.0,0.0,0.0,0.0,1.0,0.0,0.0,0.0,0.0,0.0,0.0
Dalton,109227465.0,4.54,7.63,2.42,3.99,18.58,2029446306.0,83475269.0,3.96,5.57,2.13,12.47,24.13,1961304.0
Danbury,127332450.0,5.1,14.39,2.88,3.09,25.46,3241884181.0,111722635.0,7.37,3.0,2.06,11.57,24.0,2646519.0
Danville,382208432.0,5.26,18.88,2.65,1.05,27.84,10640682763.0,417218397.0,5.08,0.98,2.16,18.08,26.3,10772808.0
Deerfield,625538529.0,3.77,14.48,2.26,0.94,21.45,13417801462.0,746052291.0,3.86,0.82,1.71,13.28,19.67,14319387.0
Deering,232394175.0,7.61,15.02,2.43,1.1,26.16,6079431618.0,239002940.0,6.8,0.96,1.75,15.3,24.81,5855698.0
Derry,2908617769.0,9.52,14.22,2.49,1.04,27.27,79318006587.0,3555437130.0,7.15,0.86,1.88,14.45,24.34,85908484.0
Dix Grant,1083520.0,-4.4,-2.65,2.65,4.4,0.0,0.0,1000284.0,-4.91,4.91,1.9,-1.9,0.0,0.0
Dixville,19528686.0,-0.84,-2.87,2.36,4.39,3.04,59367206.0,8448784.0,-9.95,16.53,1.83,-1.81,6.6,55527.0
Dorchester,47855865.0,8.07,8.85,2.24,1.44,20.6,985830825.0,44932083.0,7.55,1.63,1.76,9.92,20.86,927850.0
Dover,3033349722.0,9.54,10.26,2.5,2.82,25.12,76197745016.0,3814134750.0,9.19,2.51,1.93,11.22,24.85,93714678.0
Dublin,300254701.0,5.71,11.23,2.32,3.28,22.54,6767740971.0,273686586.0,5.81,3.5,1.92,13.4,24.63,6665686.0
Dummer,64360180.0,3.7,9.39,2.32,3.7,19.11,1229923043.0,99118420.0,4.81,3.95,1.73,5.84,16.33,1499458.0
Dunbarton,356950129.0,3.7,12.66,2.45,2.63,21.44,7653010782.0,394363018.0,3.8,2.63,1.88,13.97,22.28,8673051.0
Durham,1050861437.0,7.57,15.69,2.33,2.61,28.2,29634292543.0,1230868663.0,7.79,2.57,2.0,15.37,27.73,33875015.0
East Kingston,350065936.0,5.87,14.04,2.29,0.99,23.19,8118029063.0,400375027.0,4.91,0.84,1.9,14.75,22.4,8844592.0
Easton,76900656.0,1.42,5.59,2.34,1.48,10.83,832834111.0,75921478.0,1.4,1.66,1.86,6.94,11.86,895026.0
Eaton,120857607.0,4.03,3.83,2.48,1.02,11.36,1372942415.0,114582083.0,5.77,1.13,2.01,5.35,14.26,1609699.0
Effingham,211587635.0,5.92,9.82,2.43,0.99,19.16,4054019098.0,210314816.0,8.81,1.07,1.66,9.71,21.25,4418653.0
Ellsworth,15828099.0,3.75,5.61,2.45,1.53,13.34,211146844.0,19448628.0,3.34,1.48,1.51,8.73,15.06,291315.0
Enfield,636948506.0,5.95,10.64,2.52,1.5,20.61,13127508721.0,582669034.0,7.1,1.78,2.0,14.57,25.45,14766670.0
Epping,723548124.0,4.54,16.34,2.36,1.03,24.27,17560512969.0,926700300.0,5.4,0.87,1.93,15.44,23.64,21545720.0
Epsom,474454601.0,4.4,12.22,2.24,2.79,21.65,10271942111.0,507757821.0,3.95,2.49,1.91,13.48,21.83,10904872.0
Errol,100489878.0,0.67,3.14,2.47,4.22,10.5,1055143723.0,90067236.0,3.41,4.33,1.94,3.57,13.25,1172652.0
Erving's Grant,89949.0,-4.71,-2.64,2.64,4.71,0.0,0.0,50191.0,-4.62,4.62,1.75,-1.75,0.0,0.0
Exeter,1830320212.0,7.87,13.89,2.46,1.06,25.28,46270494972.0,2196207682.0,5.91,0.92,1.99,15.67,24.49,53404715.0
Farmington,549773994.0,7.13,8.12,2.35,2.4,20.0,10995479890.0,557174859.0,6.4,2.47,1.89,12.16,22.92,12524607.0
Fitzwilliam,359035092.0,4.69,15.0,2.04,2.86,24.59,8828672912.0,298406160.0,4.96,3.7,1.96,15.14,25.76,7493042.0
Francestown,245470025.0,6.7,10.51,2.49,1.05,20.75,5093503038.0,217929959.0,7.86,1.02,1.83,15.15,25.86,5594632.0
Franconia,332063809.0,4.28,8.0,2.51,1.5,16.29,5409319460.0,291207993.0,6.47,1.88,2.02,8.13,18.5,5355630.0
Franklin,660022447.0,10.82,5.45,2.46,2.79,21.52,14203683070.0,692559061.0,11.87,2.57,1.95,6.45,22.84,15524327.0
Freedom,570121957.0,3.72,4.23,2.47,1.07,11.49,6550701286.0,652134439.0,3.65,1.05,1.7,4.27,10.67,6920691.0
Fremont,425021510.0,3.36,20.54,2.37,1.0,27.27,11590336582.0,535327528.0,3.94,0.87,1.85,16.47,23.13,12136356.0
Gilford,1781579790.0,4.93,9.35,2.74,1.53,18.55,33048305121.0,2149486818.0,4.65,1.12,1.84,7.42,15.03,32260148.0
Gilmanton,554657528.0,6.05,13.68,2.42,1.36,23.51,13039998503.0,544678795.0,5.61,1.13,1.82,14.64,23.2,12601071.0
Gilsum,76127063.0,5.72,14.56,2.43,3.24,25.95,1975497290.0,71965174.0,6.84,3.46,1.85,13.6,25.75,1844162.0
Goffstown,1547043147.0,9.71,10.78,2.52,1.16,24.17,37392032862.0,1732938400.0,8.24,1.12,1.99,13.47,24.82,42390384.0
Gorham,361088559.0,11.21,9.58,2.29,3.72,26.8,9677173381.0,274857509.0,12.03,4.71,2.04,13.07,31.85,8592016.0
Goshen,88001837.0,7.68,8.84,2.31,2.93,21.76,1914919990.0,82975721.0,8.41,2.51,1.76,10.29,22.97,1880264.0
Grafton,150127808.0,4.52,9.65,2.31,1.45,17.93,2691791601.0,141067659.0,6.3,1.62,1.74,17.19,26.85,3734693.0
Grantham,597556382.0,3.18,10.76,2.48,2.88,19.3,11532838185.0,540575946.0,5.17,2.64,1.89,13.76,23.46,13212045.0
Green's Grant,4791282.0,2.65,-2.67,2.38,4.47,6.83,32724457.0,8057510.0,0.12,4.99,1.41,-1.39,5.13,41161.0
Greenfield,184784154.0,6.38,11.19,2.26,1.09,20.92,3865684517.0,170277305.0,8.5,1.06,1.96,15.63,27.15,4596602.0
Greenland,782212774.0,2.98,7.56,2.2,1.01,13.75,10755425650.0,872818300.0,4.03,0.91,2.0,9.64,16.58,14212852.0
Greenville,159511535.0,11.3,6.18,2.23,0.88,20.59,3284342522.0,120335069.0,12.52,1.0,1.93,7.72,23.17,2705821.0
Groton,87440085.0,3.87,4.73,2.4,1.24,12.24,1070266649.0,83358715.0,3.81,2.6,3.79,7.96,18.16,1446059.0
Hadley's Purchase,0.0,0.0,0.0,0.0,0.0,0.0,0.0,1.0,0.0,0.0,0.0,0.0,0.0,0.0
Hale's Location,86603283.0,2.08,-2.0,2.33,0.95,3.36,290987030.0,80524100.0,2.45,1.14,1.93,-1.92,3.6,278208.0
Hampstead,1156985808.0,3.3,15.58,2.36,1.04,22.28,25777643802.0,1331881653.0,2.87,0.87,1.92,15.89,21.55,28296660.0
Hampton,3178146465.0,7.13,7.18,2.55,1.07,17.93,56984166117.0,3790515423.0,5.92,0.89,2.0,7.12,15.93,59743835.0
Hampton Falls,503840492.0,4.15,11.57,2.22,1.02,18.96,9552815747.0,488152802.0,3.44,0.94,2.02,14.95,21.35,10341992.0
Hancock,282873270.0,5.26,11.38,2.45,1.16,20.25,5728183726.0,250769628.0,7.6,1.14,2.01,15.47,26.22,6515772.0
Hanover,2310475167.0,4.0,8.95,2.37,1.47,16.79,38792878053.0,2300746395.0,4.44,1.81,2.03,10.4,18.68,46282208.0
Harrisville,247782552.0,3.96,4.99,2.34,3.31,14.6,3617625259.0,207756836.0,5.08,3.78,1.92,6.9,17.68,3662148.0
Hart's Location,18411354.0,0.66,4.71,2.55,1.06,8.98,165333958.0,20706153.0,0.5,1.06,1.62,3.82,7.0,143912.0
Haverhill,411897293.0,5.18,14.74,2.52,1.35,23.79,9799036617.0,347781001.0,7.89,1.83,2.01,16.68,28.41,10238624.0
Hebron,305504758.0,3.04,0.72,2.45,1.52,7.73,2361551781.0,268527765.0,4.46,1.97,2.28,0.89,9.6,2617223.0
Henniker,449990263.0,7.24,17.31,2.54,2.91,30.0,13499707911.0,471798273.0,9.94,2.56,1.99,16.75,31.24,14673499.0
Hill,125330820.0,4.94,9.18,2.45,2.44,19.01,2382538888.0,94560552.0,6.17,2.53,1.88,15.11,25.69,2401551.0
Hillsborough,707482732.0,7.88,12.14,2.07,0.88,22.97,16250878361.0,594882788.0,10.68,1.02,1.81,15.22,28.73,17051769.0
Hinsdale,432880215.0,8.83,12.09,2.17,2.91,26.0,11254885597.0,345539419.0,8.15,4.17,2.11,19.72,34.15,11482952.0
Holderness,807809422.0,2.43,6.96,2.3,1.47,13.16,10630772002.0,759486515.0,2.39,1.87,1.98,7.34,13.58,10231434.0
Hollis,1453220531.0,5.58,11.9,2.33,1.1,20.91,30386841305.0,1387997343.0,5.54,1.13,2.02,14.49,23.18,31953746.0
Hooksett,1906338885.0,6.16,10.49,2.36,2.67,21.68,41329427043.0,2047885829.0,5.63,2.95,2.0,11.93,22.51,45613526.0
Hopkinton,757050600.0,5.06,17.17,2.43,2.88,27.54,20849173528.0,780889991.0,6.25,2.57,1.84,18.59,29.25,22865155.0
Hudson,3403993865.0,5.18,8.35,2.11,0.98,16.62,56574378039.0,3179000329.0,6.14,1.15,2.08,12.0,21.37,66960741.0
Jackson,451084804.0,3.45,3.48,2.32,1.0,10.25,4623619246.0,465927736.0,4.5,1.16,1.7,3.63,10.99,5403073.0
Jaffrey,528689088.0,8.32,13.33,2.42,3.3,27.37,14470220358.0,520726640.0,9.54,3.69,2.05,12.25,27.53,14164921.0
Jefferson,144330829.0,1.9,9.09,2.59,4.92,18.5,2670120338.0,130138470.0,2.19,5.02,2.11,13.23,22.55,2910115.0
Keene,2177293950.0,11.78,13.32,2.37,3.35,30.82,67104199539.0,1849704064.0,14.81,3.86,2.07,16.54,37.28,68437022.0
Kensington,403851781.0,2.61,13.1,2.21,0.95,18.87,7620683120.0,392294316.0,3.67,0.88,1.94,14.06,20.55,7995148.0
Kilkenny,13743.0,-4.34,0.0,0.0,4.34,0.0,0.0,19000.0,-3.05,3.05,0.0,0.0,0.0,0.0
Kingston,829226449.0,3.73,13.93,2.13,0.93,20.72,17181572030.0,849502794.0,3.88,0.9,1.94,14.16,20.88,17483670.0
Laconia,2187966925.0,8.14,8.41,2.55,1.46,20.56,44984599981.0,2382861491.0,7.65,1.21,1.92,8.94,19.72,46463006.0
Lancaster,333227746.0,7.29,5.02,2.21,4.01,18.53,6174710148.0,279190339.0,9.73,4.68,1.89,8.44,24.74,6847718.0
Landaff,59630381.0,5.27,8.24,2.29,1.49,17.29,1031009295.0,51315582.0,6.74,1.81,1.95,12.64,23.14,1176666.0
Langdon,70362173.0,6.66,12.95,2.43,2.95,24.99,1758350720.0,58110552.0,5.82,2.72,2.02,16.38,26.94,1541590.0
Lebanon,2149036614.0,9.15,11.29,2.34,1.54,24.32,52264570459.0,2237505225.0,9.96,1.86,1.99,13.28,27.09,60294391.0
Lee,477857788.0,7.03,17.91,2.51,2.67,30.12,14393076580.0,466532552.0,6.62,3.12,2.32,19.8,31.86,14749666.0
Lempster,194110637.0,5.45,9.09,2.42,3.0,19.96,3874448329.0,126595269.0,3.98,3.17,2.28,15.41,24.84,3109116.0
Lincoln,873815319.0,4.89,2.53,2.71,1.56,11.69,10214901079.0,853376509.0,7.44,2.01,2.22,3.78,15.45,13103943.0
Lisbon,129521549.0,11.42,13.33,2.35,1.5,28.6,3704316313.0,119753896.0,10.15,1.66,2.08,20.03,33.92,4036317.0
Litchfield,944069666.0,3.39,11.16,2.26,1.1,17.91,16908287730.0,1171886341.0,3.92,0.96,1.71,11.99,18.58,21471546.0
Littleton,879546057.0,6.77,10.08,2.31,1.24,20.4,17942739570.0,748054458.0,5.26,2.04,1.65,12.7,21.65,15917877.0
Livermore,169743.0,-1.49,-2.32,2.32,1.49,0.0,0.0,136600.0,-1.65,1.65,1.93,-1.93,0.0,0.0
Londonderry,3947952339.0,4.74,12.45,2.2,0.95,20.34,80301350588.0,4661377059.0,4.66,0.86,1.93,12.66,20.11,91635989.0
Loudon,618755558.0,4.49,10.68,2.49,2.71,20.37,12604050733.0,574137271.0,4.84,2.96,2.26,12.93,22.99,12920543.0
Low & Burbank's Grant,0.0,0.0,0.0,0.0,0.0,0.0,0.0,1.0,0.0,0.0,0.0,0.0,0.0,0.0
Lyman,70825444.0,5.63,9.85,2.35,1.47,19.3,1366931080.0,74806815.0,5.66,1.68,1.73,12.35,21.42,1582129.0
Lyme,377067717.0,5.24,11.4,2.5,1.49,20.63,7778907001.0,354174300.0,6.84,1.76,2.04,16.02,26.66,9391071.0
Lyndeborough,194175724.0,6.24,13.81,2.38,1.17,23.6,4582547106.0,212076187.0,7.35,1.04,1.57,11.38,21.34,4485678.0
Madbury,272109602.0,3.05,16.34,2.36,2.43,24.18,6579610193.0,296284068.0,4.72,2.4,1.84,16.29,25.25,7414324.0
Madison,535122150.0,4.04,8.37,2.43,0.99,15.83,8470983634.0,587259733.0,3.54,1.16,1.93,8.67,15.3,9510265.0
Manchester,9590732190.0,11.62,6.72,2.46,1.16,21.96,210612478892.0,9175091539.0,11.48,1.29,2.36,9.53,24.66,224271285.0
Marlborough,213698241.0,3.9,15.61,2.5,3.42,25.43,5434346291.0,176275527.0,5.3,4.24,2.1,19.83,31.47,5488550.0
Marlow,75456788.0,6.45,12.87,2.47,3.31,25.1,1893965402.0,73886807.0,6.51,3.61,1.74,17.85,29.71,2175581.0
Martin's Location,42843.0,-4.34,0.0,0.0,4.34,0.0,0.0,271400.0,-3.93,3.93,0.0,0.0,0.0,0.0
Mason,188033041.0,7.72,13.0,2.5,1.11,24.33,4574843891.0,159128292.0,9.72,1.17,2.21,13.91,27.01,4248910.0
Meredith,2159144500.0,4.16,4.87,2.3,1.32,12.65,27313177931.0,2302685480.0,4.29,1.15,1.88,6.7,14.02,31960770.0
Merrimack,3267352540.0,5.24,14.53,2.51,1.15,23.43,76554070024.0,3547578102.0,5.06,1.17,2.14,15.69,24.06,84309995.0
Middleton,214043715.0,5.02,9.74,2.3,2.4,19.46,4165290713.0,186747102.0,9.09,2.59,1.89,14.7,28.27,5273694.0
Milan,144923661.0,2.64,8.65,2.26,4.04,17.59,2549207198.0,150649388.0,2.74,4.08,1.61,11.65,20.08,2979569.0
Milford,1487861067.0,5.91,15.12,2.53,1.17,24.73,36794804197.0,1656349157.0,5.78,1.09,1.93,16.57,25.37,41720254.0
Millsfield,7518843.0,-5.81,-1.24,2.64,4.41,0.0,0.0,8394563.0,-43.02,49.47,2.07,-1.84,6.68,55965.0
Milton,425100184.0,6.07,12.4,2.72,2.83,24.02,10210906430.0,494887213.0,4.63,2.49,1.89,13.15,22.16,10756022.0
Monroe,418177289.0,1.76,5.65,2.31,0.83,10.55,4411770407.0,449492087.0,1.7,1.73,1.9,6.65,11.98,4679487.0
Mont Vernon,299209376.0,5.16,18.03,2.3,1.11,26.6,7958969420.0,317254014.0,4.74,1.01,1.93,18.9,26.58,8380664.0
Moultonborough,3211070892.0,2.77,1.97,2.53,1.06,8.33,26748220531.0,3574129240.0,2.11,1.15,1.78,2.09,7.13,25245702.0
Nashua,9942295616.0,8.3,9.16,2.38,1.13,20.97,208489939075.0,10335998453.0,9.1,1.16,2.08,10.27,22.61,231335273.0
Nelson,137250773.0,5.1,9.63,2.42,3.4,20.55,2820503385.0,125807368.0,6.39,3.69,1.98,6.81,18.87,2362641.0
New Boston,622572943.0,5.73,14.16,2.45,1.17,23.51,14636689903.0,683500314.0,5.42,1.11,2.02,15.54,24.09,16286229.0
New Castle,744906159.0,2.4,0.69,2.33,0.97,6.39,4759950357.0,734925493.0,2.53,0.91,1.93,0.93,6.3,4602986.0
New Durham,487317659.0,6.88,10.55,2.33,2.64,22.4,10915915570.0,594581948.0,4.69,2.2,1.58,8.41,16.88,10023319.0
New Hampton,397885636.0,5.11,8.47,2.21,1.28,17.07,6791907823.0,338396262.0,6.36,1.21,1.94,8.44,17.95,5941658.0
New Ipswich,486659284.0,3.55,13.38,2.33,1.0,20.26,9859717094.0,483823011.0,4.7,1.02,1.78,13.75,21.25,10025523.0
New London,1263235399.0,5.86,5.73,2.49,2.98,17.06,21550795922.0,1265204773.0,4.3,2.56,1.92,6.16,14.94,19076889.0
Newbury,811092663.0,3.76,5.65,2.46,2.81,14.68,11906840304.0,761645361.0,4.12,2.94,2.13,7.33,16.52,12507470.0
Newfields,299845701.0,4.71,14.17,2.35,0.95,22.18,6650577650.0,301311757.0,3.65,0.81,1.9,14.88,21.24,6360544.0
Newington,1121487777.0,5.0,0.51,2.4,1.04,8.95,10037315608.0,1024017380.0,6.31,0.88,1.87,0.83,9.89,9285438.0
Newmarket,871932650.0,7.03,14.87,2.37,1.04,25.31,22068615395.0,981517373.0,6.01,0.91,2.04,16.5,25.46,24826170.0
Newport,585145760.0,9.23,11.44,2.1,2.6,25.37,14845147955.0,438170012.0,12.12,2.8,2.05,16.13,33.1,14352787.0
Newton,545965871.0,3.46,17.43,2.23,1.0,24.12,13168696820.0,642718153.0,3.09,0.81,1.8,15.2,20.9,13306487.0
North Hampton,1177561944.0,4.8,7.93,2.35,1.03,16.11,18970522917.0,1195317972.0,5.21,0.9,2.11,8.69,16.91,20047413.0
Northfield,409353118.0,5.27,9.81,2.2,2.37,19.65,8043788772.0,342545279.0,7.11,2.87,2.11,10.68,22.77,8525964.0
Northumberland,154964776.0,9.43,10.69,2.28,3.76,26.16,4053878555.0,129889131.0,14.7,4.78,1.92,11.61,33.01,4327267.0
Northwood,549733129.0,4.28,16.77,2.53,1.03,24.61,13528932327.0,684256811.0,4.23,0.75,1.64,11.15,17.77,12103630.0
Nottingham,627978831.0,4.12,12.58,2.49,1.05,20.24,12710291549.0,796347443.0,3.35,0.8,1.7,12.91,18.76,14630534.0
Odell,2551697.0,-4.17,-3.12,3.12,4.17,0.0,0.0,2260555.0,-2.59,6.13,2.41,-2.41,3.54,8002.0
Orange,33607106.0,2.0,14.85,2.62,1.5,20.97,704741031.0,36344314.0,3.38,1.55,1.85,18.03,24.81,897699.0
Orford,171588018.0,4.93,16.82,2.75,1.41,25.91,4445845557.0,154257148.0,5.5,1.71,2.02,16.9,26.13,3983232.0
Ossipee,826896890.0,5.21,7.11,2.53,0.94,15.79,13056701899.0,776494715.0,5.98,1.19,1.97,7.91,17.05,14512508.0
Pelham,1610733458.0,6.38,11.37,2.5,1.16,21.41,34485803354.0,2003772810.0,5.78,1.03,1.94,11.45,20.2,40066167.0
Pembroke,717363047.0,5.79,15.62,2.45,2.58,26.44,18967078981.0,770768044.0,5.49,2.49,1.83,14.79,24.6,18753642.0
Penacook,0.0,8.72,0.0,2.56,2.9,26.75,0.0,0.0,9.32,2.44,1.8,16.37,29.93,0.0
Peterborough,703453867.0,8.16,14.83,3.03,1.32,27.34,19232428744.0,708717016.0,9.92,1.14,2.04,17.74,30.84,21618215.0
Piermont,115686660.0,5.57,12.9,2.22,1.41,22.1,2556675207.0,97898682.0,6.84,1.71,2.04,9.2,19.79,1912538.0
Pinkham's Grant,3368282.0,2.46,-2.77,2.46,4.59,6.74,22702224.0,2971730.0,7.35,7.06,3.15,-2.96,14.6,42822.0
Pittsburg,336368994.0,1.75,5.6,2.31,4.24,13.9,4675529022.0,292923356.0,3.26,4.94,1.97,5.58,15.75,4575385.0
Pittsfield,307349285.0,8.93,16.72,2.4,2.61,30.66,9423329093.0,345397729.0,8.34,2.36,1.62,12.4,24.72,8456829.0
Plainfield,329929097.0,4.39,14.18,2.35,2.93,23.85,7868808985.0,308439574.0,5.34,2.64,1.88,15.54,25.4,7757856.0
Plaistow,969172611.0,6.27,14.59,2.71,1.14,24.71,23948255218.0,1200736760.0,5.41,0.86,2.05,13.33,21.65,25748825.0
Plymouth,522415863.0,7.3,10.36,2.18,1.41,21.25,11101337098.0,495555085.0,11.4,1.81,1.96,13.32,28.49,13997493.0
Portsmouth,4646590296.0,8.42,5.34,2.46,1.05,17.27,80246614423.0,6301589965.0,6.83,0.9,1.9,5.07,14.7,91740195.0
Randolph,79949874.0,4.44,4.15,2.41,3.91,14.91,1192052627.0,73126997.0,5.57,4.32,1.85,3.36,15.1,1084102.0
Raymond,958098124.0,5.53,13.73,2.44,1.1,22.8,21844637241.0,956238144.0,6.25,1.04,2.27,16.64,26.2,24661821.0
Richmond,122419615.0,4.1,13.42,2.29,3.19,23.0,2815651156.0,107429939.0,5.7,3.65,1.96,12.4,23.71,2511845.0
Rindge,640037525.0,4.43,15.08,2.48,3.33,25.32,16205750143.0,688860863.0,3.88,3.64,1.85,13.08,22.45,15223839.0
Rochester,2327101884.0,8.3,11.17,2.61,2.78,24.86,57851752858.0,2777583937.0,8.18,2.43,1.94,12.06,24.61,67428106.0
Rollinsford,304934719.0,2.75,13.68,2.49,2.64,21.56,6574392542.0,286931501.0,4.9,2.76,2.11,14.91,24.68,7020807.0
Roxbury,30186593.0,0.21,17.15,2.61,3.58,23.55,710894269.0,24835114.0,2.57,3.9,2.16,16.74,25.37,626082.0
Rumney,224791496.0,4.31,11.12,2.32,1.45,19.2,4315996728.0,196500066.0,5.2,1.74,1.77,15.23,23.94,4633619.0
Rye,2063078473.0,3.24,3.9,2.42,1.04,10.6,21868631823.0,2189628400.0,3.1,0.97,2.27,3.88,10.22,23103004.0
Salem,4462390659.0,7.33,9.39,2.39,1.03,20.14,89872547889.0,4676922757.0,7.16,1.03,2.2,11.63,22.02,102157204.0
Salisbury,181341508.0,3.35,10.65,2.39,2.48,18.87,3421914258.0,149608173.0,4.77,2.85,2.05,14.93,24.6,3615513.0
Sanbornton,503102996.0,7.29,8.67,2.34,1.38,19.68,9901066968.0,532120102.0,7.7,1.16,1.93,9.39,20.18,10617502.0
Sandown,695589219.0,3.87,13.81,2.17,0.9,20.75,14433476294.0,673389470.0,4.08,0.96,2.06,20.56,27.66,18385151.0
Sandwich,515762217.0,3.51,4.21,2.47,1.1,11.29,5822955433.0,447172191.0,4.84,1.16,1.87,6.6,14.47,6383290.0
Sargent's Purchase,3.0,-3.54,-3.19,2.33,4.4,0.0,0.0,1888530.0,-5.06,5.06,1.98,-1.98,0.0,0.0
Seabrook,3342186841.0,5.72,4.63,2.66,0.87,13.88,46389553360.0,2729430350.0,6.57,0.92,2.07,6.41,15.97,41088692.0
Second College Grant,1677805.0,-4.4,-2.43,2.43,4.4,0.0,0.0,1387570.0,-4.84,4.84,1.87,-1.87,0.0,0.0
Sharon,63706772.0,5.28,9.8,2.5,1.03,18.61,1185583038.0,57477691.0,5.09,0.95,1.76,14.8,22.6,1292100.0
Shelburne,95945014.0,3.24,5.36,2.17,3.73,14.5,1391202711.0,82693277.0,5.02,3.82,1.77,5.13,15.74,1241410.0
Somersworth,984819579.0,9.21,13.58,2.42,2.62,27.83,27407528886.0,1092265002.0,8.68,2.44,1.94,14.79,27.85,30130510.0
South Hampton,188532993.0,2.88,8.69,2.21,0.92,14.7,2771435009.0,168975237.0,4.2,0.86,1.85,12.08,18.99,3185883.0
Springfield,232039132.0,3.98,10.75,2.36,2.89,19.98,4636141870.0,236775171.0,3.83,2.48,1.81,11.46,19.58,4612039.0
Stark,78326707.0,5.47,2.43,2.34,4.46,14.7,1151402602.0,77575747.0,4.06,4.4,1.95,7.59,18.0,1354214.0
Stewartstown,142351932.0,3.51,7.13,2.13,3.38,16.15,2298983702.0,110037642.0,3.51,4.55,1.96,13.6,23.62,2540256.0
Stoddard,330528240.0,2.42,6.43,2.29,3.24,14.38,4752996104.0,294311810.0,3.14,3.7,1.85,7.72,16.41,4832874.0
Strafford,528728381.0,2.23,15.53,2.44,2.6,22.8,12055007109.0,493115100.0,3.93,3.1,2.32,16.3,25.65,12594461.0
Stratford,77967025.0,3.22,13.45,2.92,3.95,23.54,1835343771.0,77389367.0,5.28,4.87,2.05,14.73,26.93,2005879.0
Stratham,1407494754.0,3.53,12.09,2.33,1.0,18.95,26672025605.0,1589925354.0,3.09,0.83,1.81,13.22,18.95,29829290.0
Success,12826491.0,-4.43,-2.41,2.42,4.42,0.0,0.0,12145227.0,1.45,5.27,2.04,-2.03,6.73,81614.0
Sugar Hill,174568739.0,7.67,7.04,2.31,1.61,18.63,3252215620.0,164798357.0,9.32,1.71,1.82,8.73,21.58,3530630.0
Sullivan,65393159.0,8.85,12.23,2.49,3.26,26.83,1754498459.0,63293201.0,5.82,3.61,1.75,15.08,26.26,1645596.0
Sunapee,1340114747.0,2.85,5.8,2.4,3.09,14.14,18949222528.0,1451938388.0,3.21,2.64,1.89,6.1,13.84,19982941.0
Surry,97581244.0,1.75,9.36,2.4,3.44,16.95,1654002092.0,84913883.0,2.05,3.82,1.99,20.56,28.42,2384451.0
Sutton,314188391.0,6.25,10.28,2.37,2.86,21.76,6836739405.0,317813376.0,7.21,2.52,1.86,13.28,24.87,7828125.0
Swanzey,684087776.0,4.95,14.75,2.31,3.28,25.29,17300579859.0,628440073.0,6.22,3.67,1.92,13.87,25.68,15908532.0
Tamworth,419217835.0,3.71,11.54,2.32,1.0,18.57,7784875198.0,402694551.0,6.03,1.15,1.84,13.46,22.48,8948177.0
Temple,179514947.0,5.18,13.36,2.3,1.1,21.94,3938557946.0,163177452.0,5.25,1.01,1.81,16.09,24.16,3928996.0
Thom. & Mes. Purchase,6377393.0,-3.33,-2.95,2.65,4.88,1.25,7971742.0,5372770.0,-2.58,5.36,2.1,-2.1,2.78,14914.0
Thornton,435092279.0,3.64,9.93,2.35,1.39,17.31,7531447354.0,437034688.0,4.33,1.61,1.78,12.39,20.11,9085528.0
Tilton,601456057.0,6.7,7.89,2.47,1.34,18.4,11066791449.0,633007168.0,6.0,1.12,1.86,9.49,18.47,12953227.0
Troy,150129944.0,7.5,15.18,2.49,3.13,28.3,4248677433.0,130653578.0,10.34,4.08,1.93,11.91,28.26,3615179.0
Tuftonboro,1199343752.0,2.02,3.29,2.4,1.0,8.71,10446284080.0,1210587908.0,3.22,1.13,1.78,3.43,9.56,11444603.0
Unity,155464299.0,5.37,10.67,2.3,2.86,21.2,3295843157.0,134383616.0,10.33,2.54,2.01,12.9,27.78,3669448.0
Wakefield,1064155910.0,2.95,5.57,2.48,0.97,11.97,12737946245.0,1133081873.0,3.29,1.22,1.9,5.97,12.38,13702984.0
Walpole,521505645.0,4.03,9.59,2.32,3.03,18.97,9892962096.0,436364198.0,5.13,3.67,1.9,14.96,25.66,11758680.0
Warner,328444851.0,8.6,11.21,2.42,2.74,24.97,8201267933.0,322486639.0,9.67,2.44,2.05,14.24,28.4,9203853.0
Warren,92131027.0,4.82,11.67,2.59,1.54,20.62,1899741788.0,83240239.0,5.73,1.79,2.03,13.53,23.08,1865984.0
Washington,294254954.0,4.54,6.41,2.24,2.73,15.92,4684538873.0,242750936.0,7.44,2.9,1.97,8.78,21.09,5120965.0
Waterville Valley,423319816.0,7.19,0.19,2.33,1.49,11.2,4741181945.0,333091095.0,9.09,1.65,1.99,1.52,14.25,4733309.0
Weare,933634839.0,3.26,13.9,2.34,1.1,20.6,19232877686.0,889309808.0,4.79,1.16,2.12,15.88,23.95,21029763.0
Webster,270959293.0,4.11,9.0,2.17,2.36,17.64,4779721942.0,237403882.0,6.11,2.64,1.91,11.53,22.19,5343676.0
Wentworth,104378935.0,5.67,11.23,2.43,1.45,20.78,2168994270.0,98339738.0,8.47,1.89,2.17,13.23,25.76,2466325.0
Wentworth Location,10911171.0,-0.65,2.48,2.36,4.38,8.57,93508743.0,7697890.0,2.2,5.0,1.96,-1.93,7.23,55399.0
Westmoreland,203986472.0,3.26,11.13,2.62,3.46,20.47,4175603082.0,166370954.0,3.87,4.03,2.0,15.5,25.4,4205692.0
Whitefield,244544168.0,6.85,7.25,2.33,3.82,20.25,4952019416.0,232206465.0,9.05,4.56,1.73,10.88,26.22,5988284.0
Wilmot,209095106.0,5.12,10.82,2.62,2.72,21.28,4449543860.0,220362922.0,6.0,2.42,1.75,10.97,21.14,4618960.0
Wilton,429839600.0,7.48,14.37,2.48,1.12,25.45,10939417834.0,377943924.0,8.7,1.25,2.18,17.26,29.39,11018847.0
Winchester,330630545.0,7.18,17.5,2.11,3.24,30.03,9928835287.0,333847858.0,7.09,3.15,1.68,16.85,28.77,9436256.0
Windham,2369279682.0,3.79,15.77,2.46,1.06,23.08,54682975081.0,3059617070.0,2.99,0.85,1.84,13.45,19.13,58209101.0
Windsor,26781515.0,0.91,8.81,3.57,1.19,14.48,387796341.0,28777018.0,0.42,0.94,2.03,6.42,9.81,276423.0
Wolfeboro,2396720664.0,4.46,4.39,2.34,1.01,12.2,29239992100.0,2372868648.0,5.26,1.11,1.82,4.82,13.01,30640521.0
Woodstock,274364529.0,7.02,6.24,2.47,1.59,17.32,4751993653.0,286958960.0,9.77,1.74,1.86,6.58,19.95,5662249.0
NH,183766121620.0,6.199296327556244,9.995923953427667,2.4204985174982876,1.6066518787218993,20.222370677204097,3716186631394.0,191727177172.0,6.4009298832204164,1.5776259709103124,1.9811754337109333,11.213627074020685,21.173358361862345,4032124271.0
